<?xml version="1.0" encoding="UTF-8"?>
<beans:beans xmlns="http://www.springframework.org/schema/integration"
	xmlns:xsi="http://www.w3.org/2001/XMLSchema-instance"
	xmlns:beans="http://www.springframework.org/schema/beans"
	xsi:schemaLocation="http://www.springframework.org/schema/beans
			http://www.springframework.org/schema/beans/spring-beans.xsd
			http://www.springframework.org/schema/integration
			http://www.springframework.org/schema/integration/spring-integration.xsd">

	<channel id="wharehousechannel"/>
	<channel id="shippingreceivechannel" />
	<channel id="internationalshippingchannel" />
	<channel id="shippingchannel"/>
	<channel id="nextdayshippingchannel" />

	<service-activator input-channel="wharehousechannel"
	                   output-channel="shippingreceivechannel"
	                   ref="warehouseservice"
	                   method="checkStock"/>

	<router method="route" input-channel="shippingreceivechannel">
		<beans:bean class="esb.CustomShippingRouter" />
	</router>

	<service-activator input-channel="internationalshippingchannel"
					   ref="internationalshippingservice"
					   method="ship"/>

	<service-activator input-channel="shippingchannel"
	                   ref="shippingservice"
	                   method="ship"/>

	<service-activator input-channel="nextdayshippingchannel"
					   ref="nextdayshippingservice"
					   method="ship" />

	<beans:bean id="warehouseservice" class="esb.WarehouseActivator"/>
	<beans:bean id="internationalshippingservice" class="esb.InternationalShippingActivator"/>
	<beans:bean id="shippingservice" class="esb.ShippingActivator"/>
	<beans:bean id="nextdayshippingservice" class="esb.NextDayShippingActivator"/>
	
</beans:beans>
